nomer_material,tipe_material,nama_material,sat,berat,harga material,pasang_rab,bongkar,jenis_material,kategori_material
1,1,AAAC 0 70 sqmm ( SPLN ),M,"0,23",21675,2474,1485,MDU PUSAT,PLN
2,1,AAAC 0 150 sqmm ( SPLN ),M,"0,47",26872,4657,2794,MDU PUSAT,PLN
3,1,AAAC 0 240 sqmm ( SPLN ),M,"0,94",57662,5322,3193,MDU PUSAT,PLN
4,1,AAAC 0 S 70 sqmm ( SPLN ),M,"0,33",31887,4657,2794,MDU PUSAT,PLN
5,1,AAAC 0 S 150 sqmm ( SPLN ),M,"0,61",26310,5322,3193,MDU PUSAT,PLN
6,1,AAAC 0 S 240 sqmm ( SPLN ),M,"1,22",41777,6652,3991,MDU PUSAT,PLN
7,1,Alluminium Binding Wire Ø 4,M,"0,04",9135,5795,3477,NON MDU,TUNAI
8,1,"Alluminium Tape ((l=10mm, t=0,8mm)",M,"0,04",9398,2433,1460,NON MDU,TUNAI
9,1,"Arding Pipe 1,5 0 5,5 mtr",S,"4,19",0,0,0,NON MDU,TUNAI
10,1,"Arding Pipe 1,5"" 0 2,5 mtr",S,"1,5",253976,115308,69185,NON MDU,TUNAI
11,1,"Arding Pipe 1,5"" 0 6 mtr",S,"3,5",0,0,0,NON MDU,TUNAI
12,1,"Arm Tie Band 8"" 0 TM 0 (l=44mm, t=6mm)",B,"2,11",83737,26076,15646,NON MDU,TUNAI
13,1,"Arm Tie Type 750 0 3/4"" 0 (t=2,3 mm)",B,"1,3",73791,5215,3129,NON MDU,TUNAI
14,1,"Arm Tie Type 900 0 3/4"" 0 (t=2,3 mm)",B,"1,56",74415,5215,3129,NON MDU,TUNAI
15,1,MV Guy Insulator ( TM ) 0 belimbing,B,"1,5",85303,7501,4500,NON MDU,TUNAI
16,1,Baut mata,B,"0,85",25811,4500,2700,NON MDU,TUNAI
17,1,BC 50 MM,M,"0,19",91011,4056,2434,NON MDU,TUNAI
18,1,"Begel Ornament 4"" 0 10"" 0 (l=44mm, t=6mm)",B,"2,11",155483,16805,10083,NON MDU,TUNAI
19,1,"Begel Ornament 4"" 0 3 u/ Ferlengk 0 (l=44mm, t=6mm)",B,"2,11",80016,16805,10083,NON MDU,TUNAI
20,1,Beton Block 400 x 400 x 100 0 kotak,B,"21,15",187872,131780,79068,NON MDU,TUNAI
21,1,"Beugels 3""+Bolt & nut 0 (l=44mm, t=6mm)",B,"1,2",39813,6664,3998,NON MDU,TUNAI
22,1,"Beugels u/ dask 1.5 ""/ fixing colar + dekschroeven",B,"0,25",0,0,0,NON MDU,TUNAI
23,1,Klem C 50 mm,B,"0,4",55970,13328,7997,NON MDU,TUNAI
24,1,Bimetal Connector Al/Cu 0150 mm,B,"0,4",77434,20282,12169,NON MDU,TUNAI
25,1,"Bolt & Nut 3/16 x 0,5""",B,"0,2",6354,2318,1391,NON MDU,TUNAI
26,1,Bolt & Nut M.16 x 140 (517/U/2009),S,"0,26",26472,3303,1982,NON MDU,TUNAI
27,1,Bolt & Nut M.16 x 120 (517/U/2009),S,"0,26",23914,3187,1912,NON MDU,TUNAI
28,1,Double Arm Bolt & Nut M.16 x 350 (besi as),S,"0,68",66778,4346,2608,NON MDU,TUNAI
29,1,Double Arm Bolt & Nut M.16 x 400 (besi as),S,"0,76",73261,4636,2781,NON MDU,TUNAI
30,1,Bolt & Nut M.16 x 50 (517/U/2009),B,"0,14",14432,2492,1495,NON MDU,TUNAI
31,1,Bolt & Nut M.16 x 75 (517/U/2009),B,"0,18",17626,2550,1530,NON MDU,TUNAI
32,1,Bolt M.12 x 30 0 CU,B,"0,14",16723,2608,1565,NON MDU,TUNAI
33,1,Bongkar BC 16 mm / AAAC 35 MM,M,"0,23",0,0,0,NON MDU,TUNAI
34,1,Borring untuk Kabel tanah,M,0,1102632,897188,538313,NON MDU,TUNAI
35,1,Bundled End Assembly ( BEA ) 0 komplit,S,"0,75",72238,30986,18592,NON MDU,TUNAI
36,1,Comp. Joint Bimetal Al/Cu 0 70/70 mm (507/U/2009),B,"0,4",83341,13866,8320,NON MDU,TUNAI
37,1,Connector for Alluminium 70 mm 0 Type H (507/U/2009),B,"0,1",23764,22532,13519,NON MDU,TUNAI
38,1,Compresion Joint Sleeve 95 mm (507/U/2009),B,"0,18",112333,13328,7997,NON MDU,TUNAI
39,1,Concrete Slove / pengaman kabel uk.450x300x40 mm,B,"0,01",24363,2897,1738,NON MDU,TUNAI
40,1,Conn. press AL/AL type 6025 mm2 / 35070 mm2 + vinil masive,B,"0,4",17537,13328,7997,NON MDU,TUNAI
41,1,Conn. press AL/AL type 6025 mm2 / 6025 mm2 + vinil masive,B,"0,4",18409,4926,2955,NON MDU,TUNAI
42,1,Connector press AL/AL type 35016mm2 & Cover+tanda phasa,B,"0,1",18730,13354,8012,NON MDU,TUNAI
43,1,Connector press AL/AL type 70035mm2 & Cover+tanda phasa,B,"0,1",30698,13354,8012,NON MDU,TUNAI
44,1,Terminal Lug 50 mm2 AL0CU. (507/U/2009),B,"0,04",81167,12748,7649,NON MDU,TUNAI
45,1,Terminal Lug 70 mm2 AL0CU. (507/U/2009),B,"0,04",60500,12748,7649,NON MDU,TUNAI
46,1,"Cross arm 0 UNP 100 x 50 x 5 mm 0 3000 mm 0 (l=50mm, t=5mm, tgg=100mm)",B,21,763486,69185,41511,NON MDU,TUNAI
47,1,"Cross arm 0 UNP 100 x 50 x 5 mm 0 6000 mm0 (l=50mm, t=5mm, tgg=100mm)",B,42,1537047,98835,59301,NON MDU,TUNAI
48,1,"Cross Arm Clevis  0 TM 0 (l=50mm, t=6mm)",B,"0,82",43910,6954,4172,NON MDU,TUNAI
49,1,Cross Arm UNP 100 x 50 x 5 0 2.000 0 tumpu/tarik,B,14,495328,46123,27674,NON MDU,TUNAI
50,1,Cross Arm UNP 100 x 50 x 5 0 2.000 0 tumpu/tarik,B,14,495328,46123,27674,NON MDU,TUNAI
51,1,"Cross Arm UNP080 0 2500 (l=45mm,t=3,5mm,tgg=80mm)",S,8,482745,49418,29651,NON MDU,TUNAI
52,1,"Cross Arm UNP 100 x 50 x 5 mm 0 2500 mm 0 (l=50mm, t=5mm, tgg=100mm)",B,"14,28",642111,59301,35581,NON MDU,TUNAI
53,1,"Cross Arm UNP080 0 3000 (l=45mm,t=3,5mm,tgg=80mm)",B,"8,93",494896,52712,31627,NON MDU,TUNAI
54,1,Cross Arm Type 1.500 NP. 10,B,"5,71",377941,29651,17790,NON MDU,TUNAI
55,1,Cross Arm NP. 10 0 Type 750,B,"2,98",233361,14487,8692,NON MDU,TUNAI
56,1,"Cross Arm type 1.200 NP. 6,5",B,"5,64",123614,15166,9100,NON MDU,TUNAI
57,1,"Cross Arm type 1.000 NP. 6,5",B,"4,7",162884,14825,8895,NON MDU,TUNAI
58,1,Cross Arm type 900 NP. 8,B,"3,57",158644,13907,8344,NON MDU,TUNAI
59,1,Cross Arm type 500 0 NP. 8,B,"1,79",104018,8113,4868,NON MDU,TUNAI
60,1,Cubicle Pelanggan lengkap,B,"3,57",0,0,0,NON MDU,TUNAI
61,1,Kotak APP type C 0 IA Lengkap,S,50,0,0,0,NON MDU,TUNAI
62,1,CT LS 80 / ……. Amp ( sesuai daya ),S,0,0,0,0,NON MDU,TUNAI
63,1,Footstuken+bolt & nut,S,"0,35",39148,7243,4346,NON MDU,TUNAI
64,1,Plate Cooper,B,"0,35",259161,46123,27674,NON MDU,TUNAI
65,1,NH Fuse,B,0,0,0,0,NON MDU,TUNAI
66,1,CT TR 100/5 0 250/5 A,B,"1,2",690000,69537,41722,MDU UP3,PLN
67,1,"Cubicle Single Incoming , 630 A , 20kV, 16kA Lengkap dengan Incoming Cubicle, LBS , manualMetering Cubicle , VT, manualOutgoing Cubicle , CB Drawout , CT, PT, OCR , motorized (Type DM1W)",S,2250,104194433,1983421,1190053,MDU PUSAT,PLN
68,1,"manualOutgoing Cubicle , CB Drawout , CT, PT, OCR , motorized (Type DM1W)",S,0,0,0,0,NON MDU,TUNAI
69,1,Dead End Assembly ( DEA ) 0 komplit,S,"1,78",113561,49255,29553,NON MDU,TUNAI
70,1,"Double Arm Band 8"" 0 7"" 0 TM (504/U/2009)",B,"2,24",168820,23179,13907,NON MDU,TUNAI
71,1,"Double Guy Wire Band 7"" 0 TM",S,"1,83",101612,20282,12169,NON MDU,TUNAI
72,1,Dudukan Jointing,S,15,108258,13328,7997,NON MDU,TUNAI
73,1,"Ground Rod 16 mm 0 2,5 m+clamp 0 TM 0 besi As, Electroplatting tembaga 35 micron",S,"0,75",291799,56007,33604,NON MDU,TUNAI
74,1,"Fixing Collar 1.5 """,B,"0,5",12910,13178,7907,NON MDU,TUNAI
75,1,Polymer Cut Out Switch 24 kV + Fuse,S,"33,33",902054,18543,11126,MDU PUSAT,PLN
76,1,Galvanized Steel Wire 22 mm (542/U/2009),M,"0,44",12479,3295,1977,NON MDU,TUNAI
77,1,Galvanized Steel Wire 35 mm  (542/U/2009),M,"0,44",21238,3558,2135,NON MDU,TUNAI
78,1,Galvanized Steel Wire 70 mm  (542/U/2009),M,"0,95",34940,3822,2293,NON MDU,TUNAI
79,1,"Gaspijp 1,5"" 0 2,3 m, u/ dask Galv",B,"3,5",0,0,0,NON MDU,TUNAI
80,1,"Gaspijp 3 "" 0 6 m. Galv",B,"6,98",1167947,39534,23720,NON MDU,TUNAI
81,1,"Gaspijp 4 "" 0 6 m. Galv",B,"7,54",1860104,30968,18581,NON MDU,TUNAI
82,1,"Gembok ""setara SOLEX""",B,"0,4",326049,5000,3000,MDU UP3,PLN
83,1,"Earthing Rod 16 mm 0 1,5 m+clamp 0 TR0 besi As, Electroplatting tembaga 35 micron",S,"0,45",220258,59301,35581,NON MDU,TUNAI
84,1,"Guy Wire Rod 5/8"" ( 15 mm ) 0 1.800 mm (514/U/2009)",B,"3,48",142554,32945,19767,NON MDU,TUNAI
85,1,"Guy Wire Rod 5/8"" ( 15 mm ) 0 2.500 mm  (514/U/2009)",B,"6,96",179755,32945,19767,NON MDU,TUNAI
86,1,"Guy Wire Timble (t=2,5mm)",B,"0,13",5299,3822,2293,NON MDU,TUNAI
87,1,Insulated Tension Joint 70 mm,B,"0,1",49401,7243,4346,NON MDU,TUNAI
88,1,Insulated Non Tension Joint 50 mm,B,"0,1",33033,0,0,NON MDU,TUNAI
89,1,Jasa Perakitan / Montage,Ls,0,0,45335,27201,NON MDU,TUNAI
90,1,Jasa Perakitan / Montage,Ls,0,0,45335,27201,NON MDU,TUNAI
91,1,Jasa Perakitan / Montage,Ls,0,0,45335,27201,NON MDU,TUNAI
92,1,Joint Sleeve 70 mm  (507/U/2009),B,"0,07",88851,12169,7301,NON MDU,TUNAI
93,1,Joint Sleeve 150 mm (507/U/2009),B,"0,14",154601,24709,14825,NON MDU,TUNAI
94,1,Joint Sleeve 240 mm,B,"0,28",195293,24709,14825,NON MDU,TUNAI
95,1,Jointing Termination 24 Kv 0 uk. 150 mm 0 3 Core/XLPE,S,"7,5",7264397,2297212,1378327,MDU UID,PLN
96,1,Jointing Termination 24 Kv 0 uk. 150 mm 0 1 Core/MVTIC,S,"7,5",7175372,1689473,1013684,MDU UID,PLN
97,1,Jointing Termination 24 Kv 0 uk. 240 mm 0 3 Core/XLPE,S,"7,5",7381743,1689473,1013684,MDU UID,PLN
98,1,Kanal NP6060 cm + Bolt&nut,B,"3,25",47488,6954,4172,MDU UID,PLN
99,1,Kawat Segel @ 15 cm,B,"0,03",419,2500,1500,NON MDU,TUNAI
100,1,"Klem Begel 3/4"" u/ kabel",B,"0,76",27114,6954,4172,NON MDU,TUNAI
101,1,"Klem Begel U 2"" 0 (t=3mm, l=35mm)",B,"0,45",33952,6374,3825,NON MDU,TUNAI
102,1,"Klem Begel U 3"" 0 (t=3mm, l=35mm)",B,"0,45",39813,6664,3998,NON MDU,TUNAI
103,1,"Klem Begel U 10"" 0 TM 0 (l=44mm, t=6mm)",B,"2,24",78455,7012,4207,NON MDU,TUNAI
104,1,"Klem Begel U 11"" 0 TM 0 (l=44mm, t=6mm)",B,"2,46",89886,7012,4207,NON MDU,TUNAI
105,1,Klem kabel/ Cable suport (508/U/2009),B,"1,2",1398,3750,2250,NON MDU,TUNAI
106,1,"Knee + sook 3"" besi",B,1,217355,9851,5911,NON MDU,TUNAI
107,1,"Knee 2"" 0 PVC",B,"0,78",20972,6251,3750,NON MDU,TUNAI
108,1,Kotak APP u/kWh Meter Elektronik + Modem,S,"3,5",0,0,0,NON MDU,TUNAI
109,1,kWh Meter 3 ph Elektronik lengkap Modem,S,"3,25",0,260763,156458,NON MDU,TUNAI
110,1,kWh m 3 phs. Elektronik lengkap dengan Modem,S,"3,25",1442800,231789,139073,MDU PUSAT,PLN
111,1,kWh m 3 phs. 220/380 V 0 20/60 A ST Clas 1 Elektronik,S,"2,5",0,234686,140812,NON MDU,TUNAI
112,1,"kWh m TM Kelas 0,5s dilengkapi fasilitas AMR",S,"4,2",1436450,260763,156458,MDU PUSAT,PLN
113,1,"KWh meter Electronic Anti Temper 1 Phasa 2 kawat 50 Hz, 5(20) klass 1 lengkap MCB",S,"2,2",351802,60005,36003,MDU PUSAT,PLN
114,1,"L bouw 3 "" PVC",S,"0,65",68246,6954,4172,NON MDU,TUNAI
115,1,Large Angle Assembly ( LAA ),S,"2,75",120241,57947,34768,NON MDU,TUNAI
116,1,"Lengkap dengan Incoming Cubicle, LBS , manualMetering Cubicle , VT,",S,0,0,0,0,NON MDU,TUNAI
117,1,Lightning Arrester 24 kV 0 10 kA,S,"8,38",715315,45199,27119,MDU PUSAT,PLN
118,1,Line Tap Connector 50070 mm type G,B,"0,4",24000,11589,6954,NON MDU,TUNAI
119,1,Line Tap Connector Al 150 0 50 mm type G,B,"0,4",36294,13328,7997,NON MDU,TUNAI
120,1,C Clamp Cu 0 50 mm,B,"0,4",31350,13328,7997,NON MDU,TUNAI
121,1,Line Tap Connector Type 70 0 150 mm,B,"0,4",30967,11589,6954,NON MDU,TUNAI
122,1,Line Tap Connector Type Al 0 150 mm,B,"0,8",36377,13328,7997,NON MDU,TUNAI
123,1,Link (506/U/2009),B,"0,23",4176,2000,1200,NON MDU,TUNAI
124,1,Load Break Switch 24 kV 0 630 A Manual,S,250,91243638,1345782,807469,MDU PUSAT,PLN
125,1,"Load Break Switch 24 kV0630 A Motorized 12,5 kA c/w PTCC",S,185,68961402,1794376,1076626,MDU PUSAT,PLN
126,1,Load Segel @ tiap 5 meter,B,"1,75",70840,5795,3477,NON MDU,TUNAI
127,1,"Lodden manchet 1.5 "" berat 0.95 0 1 kg",B,1,0,3627,2176,NON MDU,TUNAI
128,1,Termination Outdoor 24 kV 0 uk. 150 mm 0 1 Core/MVTIC,S,"7,5",5503235,2510903,1506542,MDU UID,PLN
129,1,Termination Idoor 24 kV 0 uk. 150 mm 0 1 Core/MVTIC,S,"7,5",4180342,2510903,1506542,MDU UID,PLN
130,1,MCB 230 V 0 35 A s/d 50 A 0 1 Phasa,B,"0,25",35972,13413,8048,MDU PUSAT,PLN
131,1,MCB 230 V 0 2 A s/d 35 A 0 1 Phasa,B,"0,25",35972,10001,6001,MDU PUSAT,PLN
132,1,MCB 230 V 0 10 s/d 50 A 0 3 Phasa,B,"0,25",163076,14487,8692,MDU PUSAT,PLN
133,1,MCB 3 phs. 230 V 0 25 A s/d 50 A,B,"0,3",500000,12001,7201,MDU PUSAT,PLN
134,1,MCCB 63 s/d 100 A,B,"2,5",0,0,0,MDU UP3,PLN
135,1,Mountage,Ls,0,0,0,0,NON MDU,TUNAI
136,1,Mountage SLM 250 kva keatas,Ls,0,167163,185431,111259,-,PLN
137,1,Mountage kWH 5/20 A,S,0,0,86921,52153,38.169,PLN
138,1,NA2XSEYBY 3 x 150 mm2;20KV;UG,M,"10,5",376091,41492,24895,MDU PUSAT,PLN
139,1,NA2XSEYBY 3 x 240 mm2;20KV;UG,M,"12,43",434745,46103,27662,MDU PUSAT,PLN
140,1,NFA2XSEY0T 3 x 150 + 1 x 95 mm2 0 CWS,M,"5,29",312182,46103,27662,MDU PUSAT,PLN
141,1,NFA2XSEY0T 3 x 240 + 1 x 95 mm2 0 CWS,M,"9,52",375350,55323,33194,MDU PUSAT,PLN
142,1,NYA 35 sqmm ( SPLN ),M,"0,1",79270,8001,4800,NON MDU,TUNAI
143,1,NYA 50 sqmm ( SPLN ),M,"0,19",92494,11501,6901,NON MDU,TUNAI
144,1,"NYAF / NYA 2,5 mm² ( SPLN )",M,"0,12",7457,5500,3300,NON MDU,TUNAI
145,1,NYAF 10 mm² ( SPLN ),M,"0,12",34596,1917,1150,NON MDU,TUNAI
146,1,NYAF 35 sqmm u/ bawah Arrester ( SPLN ),M,"0,1",92467,11501,6901,NON MDU,TUNAI
147,1,NYY 1 x 70 mm2 ( SPLN ),M,"0,1",184028,0,0,NON MDU,TUNAI
148,1,NYY 1 x 150 sqmm 0 Input ( SPLN ),M,"0,38",208393,18458,11075,MDU PUSAT,PLN
149,1,NYY 4 x 70 sqmm 0 Output ( SPLN ),M,"0,76",399688,31871,19123,MDU PUSAT,PLN
150,1,NYY 4x2.5 mm untuk APP ( SPLN ),M,"0,2",21811,5500,3300,NON MDU,TUNAI
151,1,OA Kast type I Sistim Press cat powder coating,B,18,0,434605,260763,NON MDU,TUNAI
152,1,OA Kast type III lengkap cat powder coating,S,55,166689,28974,17384,MDU UID,PLN
153,1,OA Kast type VI cat powder coating,S,45,1884972,260763,156458,MDU UID,PLN
154,1,"OA Kast type VI ,Kecil cat powder coating",S,35,124494,17384,10431,MDU UID,PLN
155,1,"Ornament Kabel Band 6""",S,"2,11",46092,7533,4520,NON MDU,TUNAI
156,1,"Ornament Kabel Band 9/10."" 0 3/4""",S,"1,4",28317,10720,6432,NON MDU,TUNAI
157,1,Pasir urug,M3,0,664419,25842,15505,NON MDU,TUNAI
158,1,Patok Tanda Kabel (169/K/2009),B,5,99028,29651,17790,NON MDU,TUNAI
159,1,"Pipa Air 3/4"" 0 3 mtr. u/ pelindung Ground  (555/U/2009)",B,0,120474,11860,7116,NON MDU,TUNAI
160,1,"Pin Post Insulator 20 Kv;12,5 kN 0 Porcelain",S,8,231633,26356,15814,MDU PUSAT,PLN
161,1,"Pipa Air 3/4"" 0 2 mtr. u/ pelindung Ground  (555/U/2009)",B,0,81762,10542,6325,NON MDU,TUNAI
162,1,"Pipa Air 3/4"" 0 4 mtr. u/ pelindung Ground  (555/U/2009)",B,"0,93",159177,11531,6918,NON MDU,TUNAI
163,1,"Pipa Air 3/4"" 01 mtr. u/ pelindung Ground (555/U/2009)",B,"0,23",47149,7907,4744,NON MDU,TUNAI
164,1,"Pipa Air 3/4"" 0 6 mtr tebal 1,6 mm",B,"1,85",211163,10431,6258,NON MDU,TUNAI
165,1,"Pipa Air 2"" 0 1,5 meter ( medium ) (555/U/2009)",B,"8,38",287459,41064,24639,NON MDU,TUNAI
166,1,"Pipa Air 2"" 0 3 meter ( medium )  (555/U/2009)",B,"2,06",346941,15155,9093,NON MDU,TUNAI
167,1,"Pipa Air 2"" 0 6 mtr tbl 2,5 mm ( medium )",B,"2,06",734315,29651,17790,NON MDU,TUNAI
168,1,"Pipa Air 3"" 0 1 meter ( medium )  (555/U/2009)",B,"1,4",282365,17790,10674,NON MDU,TUNAI
169,1,"Pipa Air 3"" 0 5 meter ( medium )  tbl = 3 mm",B,"8,38",682032,42237,25342,NON MDU,TUNAI
170,1,"Pipa Air 3"" 0 6 mtr tbl 2,5 mm ( medium )",B,"8,38",734315,29651,17790,NON MDU,TUNAI
171,1,"Pipa Air 2"" 0 5 mtr tbl 2,5 mm ( medium )",B,"1,71",639861,19108,11465,NON MDU,TUNAI
172,1,"Pipa Air PVC 2"" 0 3 meter ( AW )",B,0,97713,7533,4520,NON MDU,TUNAI
173,1,"Pipa Air PVC 3"" 0 5 meter ( AW )",B,0,659539,19175,11505,NON MDU,TUNAI
174,1,"Pipa Air 2"" 0 2 meter / Strut Tie (555/U/2009)",S,"2,06",265388,14487,8692,NON MDU,TUNAI
175,1,"Pipa Air 3/4"" 0 1 meter medium (555/U/2009)",B,0,47149,7907,4744,NON MDU,TUNAI
176,1,"Pipa Air 4"" 0 6 mter u/ pelindung jalan  (555/U/2009)",B,"9,88",1860104,30968,18581,NON MDU,TUNAI
177,1,"Pipa Air 4"" 0 6 mtr (555/U/2009)",B,"9,88",1292576,75331,45199,NON MDU,TUNAI
178,1,"Pipa Pelindung 3/4"" 0 2000  (512/U/2009)",B,"1,85",81870,11201,6721,NON MDU,TUNAI
179,1,"Pipa Pelindung 3/4"" 0 3000 (555/U/2009)",B,"2,25",120474,11860,7116,NON MDU,TUNAI
180,1,Plastic Strap Medium,B,"0,08",2355,2318,1391,NON MDU,TUNAI
181,1,Plat Cooper 4 x 40 mm,M,"1,6",259161,46123,27674,NON MDU,TUNAI
182,1,Pole Block (504/U/2009),S,"1,68",211466,92246,55348,NON MDU,TUNAI
183,1,"Pole Block Band 12"" 0 TM (557/U/2009)",S,21,73985,23062,13837,NON MDU,TUNAI
184,1,"Pole Bracket 306""",B,"0,5",39573,7243,4346,NON MDU,TUNAI
185,1,"Pole Bracket 6"" 0 8""",B,"0,5",41271,8692,5215,NON MDU,TUNAI
186,1,Pondasi type A ( 1 tiang )  (91/U/2009),B,0,492236,295332,177199,NON MDU,TUNAI
187,1,Pondasi type D ( 2 Tiang ) (91/U/2009),B,0,946608,553748,332249,NON MDU,TUNAI
188,1,"Pondasi u/Gaspijp 3""",Ls,0,157785,98835,59301,NON MDU,TUNAI
189,1,Preformed Termination 35 mm  (542/U/2009),B,"0,5",52034,17384,10431,NON MDU,TUNAI
190,1,Preformed Termination 70 mm  (542/U/2009),B,"0,4",76420,20282,12169,NON MDU,TUNAI
191,1,"Protective cap 1.5 """,B,"0,5",9050,863,518,NON MDU,TUNAI
192,1,"PVC 3/4"" 6 meter",B,"0,85",0,0,0,NON MDU,TUNAI
193,1,Service wedge clamp 2/4 x 6/10 mm,Bh.,"0,75",5383,4346,2608,NON MDU,TUNAI
194,1,Service wedge clamp 4/4 x 10/16 mm,B,"0,75",6296,5679,3407,NON MDU,TUNAI
195,1,"Single Arm Band 8"" (504/U/2009)",B,"2,24",113614,10431,6258,NON MDU,TUNAI
196,1,"Single Guy Wire Band 8"" 0 TM (513/U/2009)",S,"1,4",86625,14487,8692,NON MDU,TUNAI
197,1,Small Angle Assembly ( SAA ),S,"1,76",89689,28974,17384,NON MDU,TUNAI
198,1,"Sock Pipa PVC 3""",B,"0,04",17430,4250,2550,NON MDU,TUNAI
199,1,Preformed Termination 22 mm  (542/U/2009),B,"0,5",29040,14487,8692,NON MDU,TUNAI
200,1,Square pipe 75 x 75 x 3 0 2000 0 tumpu (502/U/2009),B,14,0,0,0,NON MDU,TUNAI
201,1,"Square Washer 0 (l=50mm, p=50mm, t=2,5mm)",B,"0,05",5541,1449,869,NON MDU,TUNAI
202,1,Stainless Steel Strip non magnetic,M,"0,02",13548,5563,3338,NON MDU,TUNAI
203,1,Stoping Buckle non magnetic,B,"0,23",3982,3651,2190,NON MDU,TUNAI
204,1,Strain Clamp 70 0 150 mm 0 2 nut,S,"0,95",96584,17384,10431,NON MDU,TUNAI
205,1,Strain Clamp 150 0 240 mm 0 3 nut,S,"1,2",189858,23179,13907,NON MDU,TUNAI
206,1,Strain Rod Insulator (88/U/2009),S,9,431581,23179,13907,MDU PUSAT,PLN
207,1,Strainhook & clamp u/. Gaspijp 0 1.5',B,"0,95",15403,11589,6954,NON MDU,TUNAI
208,1,"Stroppen u/ loden manchet 1.5""",B,"0,85",0,0,0,NON MDU,TUNAI
209,1,"Strut Arm TM 0 (l=50mm, t=5mm, tgg=100mm) NP 10 0 30 cm",B,"2,8",60192,20282,12169,NON MDU,TUNAI
210,1,"Strut Arm TR 0 (l=50mm, t=5mm, tgg=100mm) NP 10 0 25 cm",B,2,65948,20282,12169,NON MDU,TUNAI
211,1,"Strut Tie 2000 0 pipe 2""  (512/U/2009)",B,"1,37",165448,11589,6954,NON MDU,TUNAI
212,1,Suspension Clamp For MV,B,"0,82",29370,5215,3129,NON MDU,TUNAI
213,1,"Tanda Bahaya Besar 0 (l=400mm, tgg=450mm)",B,"0,08",82598,5215,3129,NON MDU,TUNAI
214,1,NFA2X0T;3x70 + 1x50 mm2,M,"1,05",75237,16257,9754,NON MDU,TUNAI
215,1,TC 3 x 50 + 1 x 35 sqmm ( SPLN ),M,"0,77",34095,11632,6979,NON MDU,TUNAI
216,1,Terminal Lug 150 mm 0 Al 2 Nut,B,"0,4",125750,13907,8344,NON MDU,TUNAI
217,1,Terminal Lug 150 mm 0 Al / Cu (507/U/2009),B,"0,2",128879,13907,8344,NON MDU,TUNAI
218,1,Terminal Lug 150 mm 0 Al 2 Nute,B,"0,2",125750,13907,8344,NON MDU,TUNAI
219,1,Terminal Lug 35 mm 0 Cu (507/U/2009),B,"0,4",23100,9561,5737,NON MDU,TUNAI
220,1,Terminal Lug 35050 mm 0 Cu  (507/U/2009),B,"0,4",64504,10129,6077,NON MDU,TUNAI
221,1,Terminal Lug 50 mm 0 Al (507/U/2009),B,"0,23",29400,12748,7649,NON MDU,TUNAI
222,1,Terminal Lug 50 mm 0 Cu (507/U/2009),B,"0,4",27500,12748,7649,NON MDU,TUNAI
223,1,Terminal Lug 70 mm 0 Al/Cu 2 Nut,B,"0,4",157850,12748,7649,NON MDU,TUNAI
224,1,Terminal lug 70 mm AL/CU u/ CO  (507/U/2009),B,"0,23",60500,12748,7649,NON MDU,TUNAI
225,1,Terminal Lug 70 mm 0 Cu  (507/U/2009),B,"0,4",73733,12748,7649,NON MDU,TUNAI
226,1,Terminal Lug 70 mm Al (507/U/2009),B,"0,1",29600,12748,7649,NON MDU,TUNAI
227,1,Terminal Lug 70 mm Al 0 Cu  (507/U/2009),B,"0,1",60500,12748,7649,NON MDU,TUNAI
228,1,Terminal Lug 150 mm 0 Cu (507/U/2009),B,"0,8",138836,13907,8344,NON MDU,TUNAI
229,1,Terminal Lug 50 mm 0 Cu (507/U/2009),B,"0,4",27500,12748,7649,NON MDU,TUNAI
230,1,Terminal Lug 70 mm 0 Cu  (507/U/2009),B,"0,4",73733,12748,7649,NON MDU,TUNAI
231,1,Termination ID 3 X 150 MM2 u/XLPE,S,"7,5",7264397,2297212,1378327,MDU UID,PLN
232,1,Termination ID 3 X 240 MM2 u/XLPE,S,"7,5",5685530,1689473,1013684,MDU UID,PLN
233,1,Termination OD 3 X 150 MM2 u/XLPE,S,"7,5",6680875,2297212,1378327,MDU UID,PLN
234,1,Termination OD 3 X 240 MM2 u/ XLPE,S,"7,5",6680875,1689473,1013684,MDU UID,PLN
235,1,Termination Out Door 3 X 150 + 1 x 95 mm u/MVTIC,S,"7,5",0,0,0,NON MDU,TUNAI
236,2,Tiang Beton 11 0 200 daN (524/U/2009),B,900,4439661,1325750,795450,MDU PUSAT,PLN
237,2,Tiang Beton 11 0 200 daN + E  (524/U/2009),B,900,4439661,1325750,795450,MDU PUSAT,PLN
238,2,Tiang Beton 11 0 350 daN (524/U/2009),B,925,5980453,1395523,837314,MDU PUSAT,PLN
239,2,Tiang Beton 11 0 350 daN + E (524/U/2009),B,925,5980453,1395523,837314,MDU PUSAT,PLN
240,2,Tiang Beton 12 0 200 daN (524/U/2009),B,1000,6210394,1446270,867762,MDU PUSAT,PLN
241,2,Tiang Beton 12 0 350 daN  (524/U/2009),B,1001,6850711,1522393,913436,MDU PUSAT,PLN
242,2,Tiang Beton 12 0 350 daN + E BC,B,1002,6850711,1522393,913436,MDU PUSAT,PLN
243,2,Tiang Beton 13 0 350 daN + E,B,1150,6702592,1928000,1156800,NON MDU,TUNAI
244,2,Tiang Beton 13 0 350 daN + E BC,B,1151,6702592,1928000,1156800,MDU PUSAT,PLN
245,2,Tiang Beton 14 0 350 daN + E,B,1350,8280220,1687312,1012387,MDU PUSAT,PLN
246,2,Tiang Beton 14 0 350 daN + E BC,B,1351,8280220,1687312,1012387,MDU PUSAT,PLN
247,2,Tiang Beton 9 0 200 daN,B,350,3150830,1103660,662196,NON MDU,TUNAI
248,2,Tiang Beton 9 0 200 daN + E,B,530,3150830,1103660,662196,MDU PUSAT,PLN
249,2,Tiang Beton 9 0 200 daN + E BC,B,530,3150830,1103660,662196,MDU PUSAT,PLN
250,1,Timah Segel,B,"0,2",78032,1750,1050,NON MDU,TUNAI
251,1,Timah solder + pasta,Ls,"0,3",3171,2000,1200,NON MDU,TUNAI
252,1,Terminal Lug 50 mm 0 Cu/Al (507/U/2009),B,"0,4",81167,12748,7649,NON MDU,TUNAI
253,1,Trafo Distribusi 20 kV 3 PH 50 KVA Yzn5 ( D3 ),B,"465,5",22553316,901216,540730,MDU PUSAT,PLN
254,1,Trafo Distribusi 20 kV 3 PH 100 KVA Yzn5 ( D3 ),B,"680,5",33126830,1001352,600811,MDU PUSAT,PLN
255,1,Trafo Distribusi 20 kV 3 PH 160 KVA Yzn5 ( D3 ),B,"885,5",34238060,1201622,720973,MDU PUSAT,PLN
256,1,Trafo Distribusi 20 kV 3 PH 200 KVA Dyn5 ( D3 ),B,1350,38791987,1301757,781054,MDU PUSAT,PLN
257,1,Trafo Distribusi 20 kV 3 PH 250 KVA Dyn5 ( D3 ),B,1250,45491117,1502027,901216,MDU PUSAT,PLN
258,1,Trafo Single Phase 25 kVA s/d 50 kVA,B,"57,46",0,801081,480649,MDU PUSAT,PLN
259,1,"Cross Arm UNP080 0 6000 (l=45mm,t=3,5mm,tgg=80mm)",B,"37,75",934227,85657,51394,NON MDU,TUNAI
260,1,"Besi siku L.50.50.4,5 0 6000",B,"20,24",691152,51683,31010,NON MDU,TUNAI
261,1,"Besi siku L.35.35.2,5 0 6000",B,"7,95",0,0,0,NON MDU,TUNAI
262,1,"Besi plat 0 6000 (l=44mm, t=6mm)",B,"12,43",0,0,0,NON MDU,TUNAI
263,1,"Besi plat 0 6000 (l=35mm, t=6mm)",B,"9,89",0,0,0,NON MDU,TUNAI
264,1,Transformer Platform for 1 Pole (Konst. SPLN D3),S,"74,05",0,0,0,NON MDU,TUNAI
265,1,Transformer Platform for 2 Pole (Konst. SPLN D3),S,"94,04",0,0,0,NON MDU,TUNAI
266,1,"Turn Buckle TM 3/4"" (7000 kg) 0 TM 0 (l=44mm, t=6mm)",B,"2,6",172112,17384,10431,NON MDU,TUNAI
267,1,"Turn Buckle TR 5/8"" (4000 kg) 0 TR 0 (l=35mm, t=6mm)",S,"1,8",130764,16225,9735,NON MDU,TUNAI
268,1,Twisted Cable 2 x 10 mm² 0 Al,M,"0,55",4140,2318,1391,MDU PUSAT,PLN
269,1,Twisted Cable 3 x 50 + 1 x 35mm²,M,"0,77",34095,11632,6979,NON MDU,TUNAI
270,1,Twisted Cable 4 x 16 mm²,M,"1,1",12300,10431,6258,MDU UP3,PLN
271,1,U 0 Bolt + Steel Plate TM/TR Bolt M.18 + 2 nut,S,"1,55",97053,6374,3825,NON MDU,TUNAI
272,1,"U 0 Strap 0 TM 0 (l=44mm, t=6mm)",B,"1,02",50450,6954,4172,NON MDU,TUNAI
273,1,"L Bow PVC 2""",B,"0,5",36119,6664,3998,NON MDU,TUNAI
274,1,"L Bow PVC 3""",B,"0,65",62777,6954,4172,NON MDU,TUNAI
275,1,Union Zadel 5/8 mm,B,0,0,0,0,NON MDU,TUNAI
276,1,"Verlenk stuck Pipa 3"" 0 3 mt 0 Medium",S,"4,94",448381,19767,11860,NON MDU,TUNAI
277,1,"Verlenk stuck Pipa 4"" 0 3 mt 0 Medium",S,"4,94",961456,25697,15418,NON MDU,TUNAI
278,1,"Verlenk stuck Pipa 4"" 0 4 mt 0 Medium",S,"6,59",1266312,25697,15418,NON MDU,TUNAI
279,1,"Verlenk stuck Square Pipe 75x75x3,0 0 2 mt",S,14,0,0,0,NON MDU,TUNAI
280,1,Voetstuken lengkap dng bolt & nut,B,"0,35",0,4413,2648,NON MDU,TUNAI
281,1,Wire Clip (510/U/2009),S,"0,09",6373,5215,3129,NON MDU,TUNAI
282,1,1 Unit External PT 20 kV (phasa0phasa),S,70,4769294,112013,67208,MDU PUSAT,PLN
283,1,"Box RTU protocol DNP 3, IEC (siap komunikasi GSM ) + Kabel data",S,25,0,347684,208610,NON MDU,TUNAI
284,1,Setting LBS Motorized,S,0,0,0,0,NON MDU,TUNAI
285,1,Line Tap Connector Cu 0 25 mm / Klem C (507/U/2009),B,"0,4",36500,12169,7301,NON MDU,TUNAI
286,1,Line Tap Connector Cu 0 50 mm / Klem C (507/U/2009),B,"0,4",58500,13328,7997,NON MDU,TUNAI
287,1,Line Tap Connector Cu 0 150 mm / Klem C (507/U/2009),B,"0,4",139500,0,0,NON MDU,TUNAI
288,1,Bongkar Konstruksi TM01 Murni & Retour,S,"31,5",0,0,0,NON MDU,TUNAI
289,1,Bongkar Konstruksi TM01 Numpang & Retour,S,"33,5",0,0,0,NON MDU,TUNAI
290,1,Plat nama Penyulang Besar Double,-,0,0,0,0,NON MDU,TUNAI
291,1,Plat nama Penyulang Kecil,-,0,0,0,0,NON MDU,TUNAI
292,1,Plat Tembaga Uk.400 x 80 x 5 (untuk jumper Termination),B,"1,43",422306,26356,15814,NON MDU,TUNAI
293,1,Plat Tembaga Uk.600 x 50 x 5 (untuk jumper Termination),B,"1,34",395730,29651,17790,NON MDU,TUNAI
294,1,"Pipa PVC 4"" & Tutup jumperan",B,"0,2",92225,12748,7649,NON MDU,TUNAI
295,1,Cross Arm type 1.200 NP. 10,B,"5,64",404662,22403,13442,NON MDU,TUNAI
296,1,Segel Plastik,B,"0,02",4800,725,435,MDU UP3,PLN
297,1,Plat Tembaga 600 X 50 X5,-,0,395730,29651,17790,NON MDU,TUNAI
298,1,Galian Aspal & pengurugan kembali Aspal (tebal Aspal 30 cm + dipadatkan),M3,0,0,395341,237205,NON MDU,TUNAI
299,1,LV Insulator A1,B,"0,8",76432,8692,5215,MDU PUSAT,PLN
300,1,"Multi Chamber Arreter 24 kV 0 1,5 kA MCA",S,"1,7",0,0,0,MDU UP3,PLN
301,1,Glass Indicator MCA,B,0,0,0,0,NON MDU,TUNAI
302,1,Bracket Protection Device / Fitting Clamp MCA,B,0,8858,4056,2434,NON MDU,TUNAI
303,1,Conductor Clamp + Bolt & Nut MCA,S,0,4381,8113,4868,NON MDU,TUNAI
304,1,Twisted Cable 4 x 35 mm²,M,"0,59",46893,13328,7997,MDU UP3,PLN
305,1,Terminal Lug 240 mm 0 Al / Cu 0 2 Hole (507/U/2009),B,"0,2",273938,14487,8692,NON MDU,TUNAI
306,1,Dudukan Trafo 1 Tiang Lengkap,S,0,4746632,628032,376819,NON MDU,TUNAI
307,1,Dudukan Trafo 2 Tiang Lengkap Plat Bordess,S,0,9854433,897188,538313,NON MDU,TUNAI
308,1,"MCCB 63 A , 25 kA, 3 Phs (Adj)",B,0,1042058,63742,38245,MDU UP3,PLN
309,1,"MCCB 80 A , 18 kA, 3 Phs (Fixed)",B,0,1097200,63742,38245,MDU UP3,PLN
310,1,"MCCB 100 A , 18 kA, 3 Phs (Fixed)",B,0,1097200,81126,48676,MDU UP3,PLN
311,1,"MCCB 125 A , 18 kA, 3 Phs (Fixed)",B,0,1796000,63742,38245,MDU UP3,PLN
312,1,"MCCB 160 A , 18 kA, 3 Phs (Fixed)",B,0,1867600,63742,38245,MDU UP3,PLN
313,1,"MCCB 200 A , 18 kA, 3 Phs (Fixed)",B,0,2000400,63742,38245,MDU UP3,PLN
314,1,"MCCB 225 A , 18 kA, 3 Phs (Fixed)",B,0,2000400,63742,38245,MDU UP3,PLN
315,1,"MCCB 250 A , 18 kA, 3 Phs (Fixed)",B,0,2000400,63742,38245,MDU UP3,PLN
316,1,"MCCB 300 A , 36 kA, 3 Phs (Fixed)",B,0,4327700,63742,38245,MDU UP3,PLN
317,1,NFA2X0T;3x70 + 1x50 mm2; 4x70 mm2,M,0,75237,16257,9754,MDU PUSAT,PLN
318,1,"Relay Protection (OCR, DGR, EFR, UFR, OFR)",B,0,19578817,559971,335983,MDU UID,PLN
319,1,Terminasi Elastimold Single Core 950300 mm2,S,0,13755170,1650156,990094,NON MDU,TUNAI
320,1,Terminasi Elastimold Three Core 950300 mm2,S,0,16672933,1650156,990094,NON MDU,TUNAI
321,1,Tiang Besi 9 Meter 200 daN,B,0,4394730,580105,348063,MDU PUSAT,PLN
322,1,Cover Bushing Trafo,B,0,257400,16225,9735,NON MDU,TUNAI
323,1,Cover FCO,B,0,292500,16225,9735,NON MDU,TUNAI
324,1,Cover LA,B,0,147000,16225,9735,NON MDU,TUNAI
325,1,"CT TR 100/5A ; Class 0,5S ; 5 VA (Window)",B,0,690000,69537,41722,MDU UP3,PLN
326,1,"CT TR 150/5A ; Class 0,5S ; 5 VA (Window)",B,0,690000,69537,41722,MDU UP3,PLN
327,1,"CT TR 200/5A ; Class 0,5S ; 5 VA (Window)",B,0,650000,69537,41722,MDU UP3,PLN
328,1,"CT TR 250/5A ; Class 0,5S ; 5 VA (Window)",B,0,650000,69537,41722,MDU UP3,PLN
329,1,"CT TR 300/5A ; Class 0,5S ; 5 VA (Window)",B,0,650000,69537,41722,MDU UP3,PLN
330,1,UPS 1500 VA 220 VAC,B,0,68043,14487,8692,MDU UID,PLN
331,1,"Pipa Galvanized 3"" 0 4 meter (tebal= 2,5 mm)",B,"32,37",378887,25038,15023,NON MDU,TUNAI
332,1,"Pipa Galvanized 3/4"" 0 6 meter (tebal= 1,6 mm)",B,"6,01",211163,10431,6258,NON MDU,TUNAI
333,1,"Pipa Galvanized 1"" 0 6 meter (tebal= 2,0 mm)",B,"9,17",0,0,0,NON MDU,TUNAI
334,1,"Pipa Galvanized 1,5"" 0 6 meter (tebal= 2,0 mm)",B,"13,61",401403,8938,5363,NON MDU,TUNAI
335,1,"Pipa Galvanized 2"" 0 6 meter (tebal= 2,5 mm)",B,"21,27",734315,29651,17790,NON MDU,TUNAI
336,1,"Pipa Galvanized 3"" 0 6 meter (tebal= 2,5 mm)",B,"32,37",1167947,39534,23720,NON MDU,TUNAI
337,1,"Pipa Galvanized 4"" 0 6 meter (tebal= 3,2 mm)",B,"52,94",1860104,30968,18581,NON MDU,TUNAI
338,1,"Pipa Galvanized 5"" 0 6 meter (tebal= 4,0 mm)",B,"80,5",1956961,46123,27674,NON MDU,TUNAI
339,1,"Pipa Galvanized 6"" 0 6 meter (tebal= 5,0 mm)",B,"118,38",4316282,52153,31292,NON MDU,TUNAI
340,1,Cross Arm UNP 100 x 50 x 5 0 2.500 0 tumpu (501/U/2009),B,"118,38",642111,59301,35581,NON MDU,TUNAI
341,1,Besi siku 50 x 50 x 4 0900 mm,B,"2,25",108258,13328,7997,NON MDU,TUNAI
342,1,"Klem Begel U 7"" 0 TM 0 (l=44mm, t=6mm)",B,"2,1",61573,6954,4172,NON MDU,TUNAI
343,1,"Klem Begel U 8"" 0 TM 0 (l=44mm, t=6mm)",B,"1,9",66145,6954,4172,NON MDU,TUNAI
344,1,"Pipa Air 3"" 0 1 meter ( medium ) + Sock Draad 3""",B,"3,06",282365,17790,10674,NON MDU,TUNAI
345,1,"Pipa Air 2"" 0 1 meter ( medium ) + Sock Draad 2""",B,"2,06",165681,11531,6918,NON MDU,TUNAI
346,1,"Pipa Air 3"" 0 2 meter ( medium ) + Sock Draad 3""",B,"4,63",430392,18120,10872,NON MDU,TUNAI
347,1,"Pipa Air 2"" 0 2 meter ( medium ) + Sock Draad 2""",B,"3,26",287968,13837,8302,NON MDU,TUNAI
348,1,"Pipa Air 3"" 0 1,5 meter ( medium ) u/ bawah LV Panel",B,"3,84",0,0,0,NON MDU,TUNAI
349,1,"Pipa Air 2"" 0 1,5 meter ( medium ) u/ bawah LV Panel",B,"3,26",287459,41064,24639,NON MDU,TUNAI
350,1,Cross Arm type 2.000 NP. 8,B,"8,93",369782,46123,27674,NON MDU,TUNAI
351,1,Cross Arm type 2.000 NP.10,B,"14,28",495328,46123,27674,NON MDU,TUNAI
352,1,Heat Shrink u/ tanda phasa,B,"0,02",131910,13001,7801,NON MDU,TUNAI
353,1,Cross Arm type 2.500 NP. 65,B,"7,23",396664,39534,23720,NON MDU,TUNAI
354,1,Besi Siku L 50 x 50 x 1000 Tiang Pagar luar kiri & kanan,S,"3,5",135110,14496,8698,NON MDU,TUNAI
355,1,Besi Siku L 50 x 50 x 2500 u/ Pelat Bordes,S,"8,75",328435,17131,10279,NON MDU,TUNAI
356,1,Besi Siku L 50 x 50 x 2500 u/ pengaman pagar belakang,S,"8,75",328435,17131,10279,NON MDU,TUNAI
357,1,Besi Siku L 50 x 50 x 260 u/ tempat kayu penghalang,S,"0,91",36000,6954,4172,NON MDU,TUNAI
358,1,Besi Siku L 50 x 50 x 465 u/ penghubung,S,"1,82",57824,8113,4868,NON MDU,TUNAI
359,1,Cross Arm type 1.500 NP 0 8,S,"5,96",270923,17790,10674,NON MDU,TUNAI
360,1,Cross Arm type 750 NP 0 8 u/ dudukan trafo,S,"2,98",136784,9561,5737,NON MDU,TUNAI
361,1,Pelat Bordes 2500 x 30 x 3,S,"4,5",293698,16888,10133,NON MDU,TUNAI
362,1,"Penghalang kayu jati 60 x 40 x 2500 / Besi siku L.50.50.4,5",S,"2,5",176583,28974,17384,NON MDU,TUNAI
363,1,Tiang Beton 12 0 200 daN + E (524/U/2009),B,1000,6210394,1446270,867762,MDU PUSAT,PLN
364,1,"LV Panel 250A s/d 400A, lubang atas",S,60,0,849080,509448,MDU PUSAT,PLN
365,1,AAAC 0 S 150 sqmm ( ex. J 0 Proc ),M,"0,61",26310,5322,3193,MDU PUSAT,PLN
366,1,Angkutan Material Gresik 0 Bawean,RIT,0,0,0,0,NON MDU,TUNAI
367,1,CT TM Indoor 10020/505 sd 4000,B,18,2361100,118602,71161,MDU PUSAT,PLN
368,1,CT TM Indoor 500100/505 (Ring),B,18,7415080,118602,71161,MDU PUSAT,PLN
369,1,PT TM Indoor 20000/V3 : 100/V3,B,0,3710980,98835,59301,MDU PUSAT,PLN
370,1,NFA2XSEY0T 3 x 150 + 1 x 95 mm2 0 CWS ( ex. J 0 Proc ),M,"5,29",62107,46103,27662,MDU UP4,PLN
371,1,NA2XSEYBY 3 x 240 mm2 ( ex. J 0 Proc ),M,"12,43",434745,46103,27662,MDU PUSAT,PLN
372,1,AAAC 150 sqmm ( ex. E 0 Proc ),M,"0,47",26872,4657,2794,MDU PUSAT,PLN
373,1,AAAC 0 S 150 sqmm ( ex. E 0 Proc ),M,"0,61",26310,5322,3193,MDU PUSAT,PLN
374,1,"Beugel Bev Gaspipj 3"" x 10""",B,0,86337,9742,5845,NON MDU,TUNAI
375,1,"Verlog sox PVC 3"" 0 4"" + isolasi pelindung",B,0,21209,254,152,NON MDU,TUNAI
376,1,"LV Panel 630A, 4 Jurusan (SPLN D3.01601 : 2010)0LBS",S,75,22092608,849080,509448,MDU PUSAT,PLN
377,1,"LV Panel 250A, 2 Jurusan (SPLN D3.01601 : 2010)0MCCB",S,75,12219690,701414,420848,MDU PUSAT,PLN
378,1,Conn.press Al 35050 mm + cover vinil untuk kumisan,B,"0,4",22600,11589,6954,NON MDU,TUNAI
379,1,Line Tap Connector ( type press ) 6025 / 35070 mm + heatshrink,B,"0,4",17537,13328,7997,NON MDU,TUNAI
380,1,Line Tap Connector ( type press ) 35070 / 35070 mm + scoth,B,"0,4",24692,13328,7997,NON MDU,TUNAI
381,1,TC 35 mm 0 50 cm untuk kumisan,M,"0,26",7457,4636,2781,NON MDU,TUNAI
382,1,TC 3 x 70 + 1 x 50 sqmm ( ex. E 0 Proc ),M,"1,05",0,16257,9754,NON MDU,TUNAI
383,1,"Ground Wire Clamp Type A 0 TM 0 (l=50mm, t=6mm, p=300mm)",B,"1,02",59412,9561,5737,NON MDU,TUNAI
384,1,"Ground Wire Clamp Type B 0 TM 0 (l=50mm, t=6mm, p=300mm)",B,"1,02",59412,9561,5737,NON MDU,TUNAI
385,1,"Ground Wire Clamp Type C 0 TM 0 (l=50mm, t=6mm, p=300mm)",B,"1,5",80630,9561,5737,NON MDU,TUNAI
386,1,"Cousen/Thimble 0 (t=2,5mm)",B,"0,01",10646,2608,1565,NON MDU,TUNAI
387,1,Preformed Termination 22 mm,B,"0,25",29040,14487,8692,NON MDU,TUNAI
388,1,Wire Clip 22 mm,B,"0,04",6373,5215,3129,NON MDU,TUNAI
389,1,Galvanized Steel Wire 22 mm,M,"0,22",12479,3295,1977,NON MDU,TUNAI
390,1,Bolt & Nut M.8 x 30,B,"0,14",2796,2318,1391,NON MDU,TUNAI
391,1,Suspension Clamp 50 mm,B,"0,2",29500,8204,4922,NON MDU,TUNAI
392,1,Strain Clamp 50 mm,B,"0,3",88000,7299,4379,NON MDU,TUNAI
393,1,"Single Guy Wire Band 6"" 0 TR 0 (l=35mm, t=6mm)",S,"1,4",64923,10603,6362,NON MDU,TUNAI
394,1,"Single Arm Band 6"" 0 TR (l=35mm, t=6mm)",B,"2,24",80555,10431,6258,NON MDU,TUNAI
395,1,Square pipe 75 x 75 x 3 0 3000,B,21,0,0,0,NON MDU,TUNAI
396,1,"L Bow Besi 2""",B,"0,5",130110,7533,4520,NON MDU,TUNAI
397,1,"L Bow Besi 3""",B,"0,65",233276,8113,4868,NON MDU,TUNAI
398,1,Bundl.Cond.3x50 + 1x35 mm 0 50 cm ( kumis ),B,"0,4",35155,12732,7639,NON MDU,TUNAI
399,1,"Cross Arm UNP 100 x 50 x 5 0 2.000 0 tarik 0 (l=50mm, t=5mm, tgg=100mm)",B,"16,8",495328,46123,27674,NON MDU,TUNAI
400,1,"Cross Arm UNP 100 x 50 x 5 0 2.000 0 tumpu 0 (l=50mm, t=5mm, tgg=100mm)",B,"16,8",495328,46123,27674,NON MDU,TUNAI
401,1,C Clamp 25 mm,B,"0,4",34460,5430,3258,NON MDU,TUNAI
402,1,"Square pipe 75 x 75 x 3,2 0 3000 0 tumpu (522/U/2009)",B,24,0,0,0,NON MDU,TUNAI
403,1,"Square pipe 75 x 75 x 3,2 0 6000 0 tumpu (522/U/2009)",B,42,0,0,0,NON MDU,TUNAI
404,1,"Pipa Air 3"" 0 2 meter ( medium 2,5mm )",B,"8,38",430392,18120,10872,NON MDU,TUNAI
405,1,Disconnecting Switch 20 kV 0 … A Out Door,U,42,13025729,225030,135018,MDU UP3,PLN
406,1,"Disconnecting Switch 20 kV 0 … A In Door 0 25,8 kV",U,42,0,153149,91889,MDU UP3,PLN
407,1,"Besi Siku L 50x50x4,5 mm 0 2500 mm",B,"1,4",328435,17131,10279,NON MDU,TUNAI
408,1,"Single Guy Wire Band 8"" 0 TM (l=44mm, t=3,5 mm) untuk Ground Shield Wire",S,"1,1",86625,14487,8692,NON MDU,TUNAI
409,1,"Arm Tie Band 8"" ~ 9"" 0 0 TM (l=44mm, t=3,5 mm) untuk Ground Shield Wire",S,"1,1",83629,25898,15539,NON MDU,TUNAI
410,1,APIK 1 ( Posisi di Insulator @ 1 mtr = 3 bh),Titik,"1,2",0,0,0,NON MDU,TUNAI
411,1,APIK 2 ( Posisi di Konduktor @ 4 meter ),Mtr,"1,2",0,0,0,NON MDU,TUNAI
412,1,Live Line Connector / LTC 500150,B,"0,5",289676,39185,23511,NON MDU,TUNAI
413,1,Live Line Connector / LTC 700150,B,"0,6",289450,44300,26580,NON MDU,TUNAI
414,1,Polymer Cut Out Switch 24 Kv 0 100 kA,S,"1,5",902054,18543,11126,MDU PUSAT,PLN
415,1,Polymer Arrester 24 kV 0 10 kA,S,"1,7",717008,28974,17384,MDU PUSAT,PLN
416,1,"Battery Charger ( input 220 VAC, Output 24VDC, 65 Ah )",S,"33,33",0,0,0,NON MDU,TUNAI
417,1,Automatic Transfer Switch lengkap dg Box,S,"33,33",46271999,0,0,NON MDU,TUNAI
418,1,"DS out door 25,8 kV 0 800 A",S,105,0,206733,124040,MDU UP3,PLN
419,1,LBS Motorized + RTU + Kabel Data,S,165,85891742,1794376,1076626,MDU PUSAT,PLN
420,1,Recloser Motorized + RTU + Kabel Data,S,185,183935660,2242971,1345782,MDU UID,PLN
421,1,Cubicle Pelanggan (LBS Non Motorized ),Unit,85,0,0,0,NON MDU,TUNAI
422,1,Cubicle Pelanggan ( CBOM ),Unit,85,0,0,0,NON MDU,TUNAI
423,1,"Besi Siku L 50x50x3,2 mm 0 6000 mm",B,"1,4",691152,51683,31010,NON MDU,TUNAI
424,1,Suspension Clamp Bracket ( Load 700 kg ),B,"0,65",26700,12241,7344,NON MDU,TUNAI
425,1,Suspension Clamp,B,"0,15",29500,8204,4922,NON MDU,TUNAI
426,1,Tension Bracket ( Load 600 kg ),B,"0,69",29501,7511,4507,NON MDU,TUNAI
427,1,Strain Clamp (TR),B,"0,47",0,0,0,NON MDU,TUNAI
428,1,"PVC 2"" 0 50 cm",B,"0,29",0,0,0,NON MDU,TUNAI
429,1,Dead End Tubes / Bundled End Protection + komplit,B,"0,19",82126,5795,3477,NON MDU,TUNAI
430,1,Plastic Strap,B,"0,08",2355,2318,1391,NON MDU,TUNAI
431,1,Isolated All. Binding 0 4 mm Ø 6,M,"0,1",9135,5795,3477,NON MDU,TUNAI
432,1,Cross Arm UNP 100 x 50 x5 0 2.500 0 tumpu,B,"0,1",642111,56327,33796,NON MDU,TUNAI
433,1,"Pipa Air 2"" 0 2 meter ( medium )",B,"2,79",255132,13254,7952,NON MDU,TUNAI
434,1,Galian tanah & pengurugan kembali,M3,0,0,263561,158136,NON MDU,TUNAI
435,1,"Pipa Air 3"" 0 2 meter ( medium 2,5mm ) + Plat GW Clamp Type A",B,"4,19",430392,18120,10872,NON MDU,TUNAI
436,1,Ground Wire Clamp Type A  ( Khusus Verlenk ),B,"1,02",54266,9014,5408,NON MDU,TUNAI
437,1,Kotak Box Terminal ( persiapan SLO ),B,"0,19",47296,2043,1226,MDU UID,PLN
438,1,LBS Motorized Non RTU,S,165,68961402,1588435,953061,MDU PUSAT,PLN
439,1,LVCO + ACCESOSORIESS,B,"0,29",0,0,0,MDU PUSAT,PLN
440,1,Joint Sleeve Non Tenion 150 mm,B,"0,57",71725,22532,13519,NON MDU,TUNAI
441,1,Klem C 0 25/25 mm 0 Cu,B,"0,2",45623,6674,4004,NON MDU,TUNAI
442,1,"Penghalang Panjat / Anti climbing 9"" 0 10"" (l=35mm, t=3,2mm, besi 10mm)",S,"1,4",124956,18026,10816,NON MDU,TUNAI
443,1,Tanda Bahaya Kecil,B,"0,08",28563,2897,1738,NON MDU,TUNAI
444,1,Under Frequency Relay ( UFR ),S,"1,5",0,0,0,MDU UP3,PLN
445,1,Digital Timer range time 0 0 30 hari,B,"0,05",0,0,0,NON MDU,TUNAI
446,1,"NYAF 1,5 mm² ( SPLN )",M,"0,02",4059,5500,3300,NON MDU,TUNAI
447,1,MCCB 63 s/d 300 A,B,"2,5",0,63615,38169,MDU UP3,PLN
448,1,"Sock Draad Besi 3"" 0 4""",B,"0,65",108460,12144,7286,NON MDU,TUNAI
449,1,OA Kast type I C1 Sistim Press cat powder coating,B,18,3095031,434605,260763,MDU UID,PLN
450,1,ZCT 50/5 0 100/5 A,B,"1,2",0,295332,177199,NON MDU,TUNAI
451,1,Gembok Electronic,B,"0,2",3786825,20002,12001,MDU UP3,PLN
452,1,NYY 4 x 4 mm u/ Wirring Panel,M,"3,5",44407,15001,9001,NON MDU,TUNAI
453,1,NYY 4 x 6 mm u/ Wirring Panel,M,"4,5",66782,20002,12001,NON MDU,TUNAI
454,1,Angkutan Material,km/ton,0,0,0,0,NON MDU,TUNAI
455,1,Preformed Termination 110 mm,B,"0,4",0,0,0,NON MDU,TUNAI
456,1,Polymer Pin Insulator 20 kV,S,"0,55",212400,6663,3998,MDU PUSAT,PLN
457,1,Polymer Strain Insulator 20 kV lengkap (SIR),S,4,230501,11259,6756,MDU PUSAT,PLN
458,1,Plat Tembaga untuk sambungan Termination + baut,B,"0,2",0,0,0,NON MDU,TUNAI
459,1,Begel Klem kaca mata + Bolt 3 u/Steel 70 mm,B,"0,2",0,0,0,NON MDU,TUNAI
460,1,Guy Insulator LV (TR) 0 belimbing,B,"0,8",59375,6501,3900,NON MDU,TUNAI
461,1,Guy Insulator MV (TM) 0 belimbing,B,"1,2",85303,7501,4500,NON MDU,TUNAI
462,1,Pipa Wespex 25 mm untuk AAAC 150mm,M,"1,1",20600,22364,13418,NON MDU,TUNAI
463,1,Preformed Side Tie Double 150mm (Semi Cond/non metalic/Composite),B,"0,2",200250,8692,5215,NON MDU,TUNAI
464,1,"LV Panel 250A, 2 Jurusan (SPLN D3.01601 : 2010)0LBS",S,75,11379240,701414,420848,MDU PUSAT,PLN
465,1,"LV Panel 400A, 4 Jurusan (SPLN D3.01601 : 2010)0LBS",S,115,14091139,849080,509448,MDU PUSAT,PLN
466,1,Preformed Top Tie 150mm (Semi Cond/non metalic/Composite),B,"0,2",106000,11589,6954,NON MDU,TUNAI
467,1,Preformed Side Tie 150mm (Semi Cond/non metalic/Composite),B,"0,2",106000,8692,5215,NON MDU,TUNAI
468,1,"Pipa Air 2"" 0 5 meter ( medium )  (555/U/2009)",B,"2,06",639861,19108,11465,NON MDU,TUNAI
469,1,"Pipa Air 2"" 0 1 meter ( medium ) + draad u/L Bow besi",B,"2,06",165681,11531,6918,NON MDU,TUNAI
470,1,"Pipa Air 3"" 0 1 meter ( medium ) + draad  u/ L Bow besi",B,"2,06",282365,17790,10674,NON MDU,TUNAI
471,1,"L Bow 3"" besi + sock draad dalam",B,3,238619,12169,7301,NON MDU,TUNAI
472,1,"L Bow 2"" besi + sock draad dalam",B,"1,5",157110,11010,6606,NON MDU,TUNAI
473,1,"Pipa Air 2"" 0 1,5 meter ( medium ) + draad u/L Bow besi",B,"2,06",287459,41064,24639,NON MDU,TUNAI
474,1,"Pipa Air 3"" 0 1,5 meter ( medium ) + draad  u/ L Bow besi",B,"2,06",0,0,0,NON MDU,TUNAI
475,1,Bolt M.12 x 30 + Washer  Cu,B,"0,14",16723,2608,1565,NON MDU,TUNAI
476,1,Galvanized Steel Wire 110 mm,M,"0,95",0,0,0,NON MDU,TUNAI
477,1,Tekep (MV Cover),B,"0,75",106254,20421,12253,NON MDU,TUNAI
478,1,Semi Cond. Preformed Top Tie,B,"0,75",106000,11589,6954,NON MDU,TUNAI
479,1,Semi Cond. Preformed Side Tie,B,"0,75",106000,8692,5215,NON MDU,TUNAI
480,1,Potensial Trafo (PT) 20 kV 0 Outdoor,B,15,4769294,112013,67208,MDU PUSAT,PLN
481,1,Current Trafo (CT) 20 kV 0 Outdoor,B,18,4042338,118602,71161,MDU PUSAT,PLN
482,1,"Meter Elektronik (ME) 3 ph 0 4 W , teg: 57,7/100V; Arus :5A. Class: 0,5",S,"2,5",1436450,434605,260763,MDU UP3,PLN
483,1,Kotak APP type VI 1 (satu) pintu/kaca,S,112,1884972,260763,156458,MDU UID,PLN
484,1,NYY 4 x 10 mm u/ Wirring CT,M,"4,5",126454,0,0,NON MDU,TUNAI
485,1,Mountage PT0CT Exim,Ls,0,0,0,0,NON MDU,TUNAI
486,1,"Gaspijp 1,5"" 0 4,0 m, Galvanized",B,"3,5",0,0,0,NON MDU,TUNAI
487,1,"Cross Arm type 1.200 NP. 8,0",B,"7,64",173544,0,0,NON MDU,TUNAI
488,1,Live Line Connector 150 0 240 mm,B,"7,64",312609,51683,31010,NON MDU,TUNAI
489,1,"Dudukan : Trafo Cantol, Pipa Kabel, PHB0TR & Dudukan Arrester",S,75,6112197,628032,376819,NON MDU,TUNAI
490,1,"Dudukan : Trafo Portal, Pipa Kabel, PHB0TR & Dudukan Arrester",S,115,11214960,897188,538313,NON MDU,TUNAI
491,1,Semi Cond. Preformed Side Tie Double,B,"0,75",200250,8692,5215,NON MDU,TUNAI
492,1,PHB 0 TR 2 Jurusan 400 A 0 SPLN D5.016.1 : 2010,B,45,11379240,553748,332249,MDU PUSAT,PLN
493,1,Tiang Beton 14 0 500 daN + E,B,1375,8891907,1553429,932057,MDU PUSAT,PLN
494,1,Plat Extension GW,-,0,0,0,0,NON MDU,TUNAI
495,1,"Double Arm Band 6"" 0 TM (l=44mm, t=6mm)",B,"2,24",152731,20861,12517,NON MDU,TUNAI
496,1,"Arm Tie Band 7"" 0 TM",B,"2,11",76023,26076,15646,NON MDU,TUNAI
497,1,Bolt & Nut M.16 x 110,S,"0,26",16986,0,0,NON MDU,TUNAI
498,1,Jointing Termination 3 X 240 + 1 x 95 mm,S,"7,5",0,0,0,NON MDU,TUNAI
499,1,"Cross Arm type 3.000 NP. 6,5",B,"4,7",437469,56007,33604,NON MDU,TUNAI
500,1,"Pipa Air 3"" 0 2 meter ( medium 2,5mm ) + Plat GW Clamp Type A",B,"4,19",430392,18120,10872,NON MDU,TUNAI
501,1,"Pipa Air 3"" 0 2 meter ( medium 2,5mm ) + Plat GW Clamp Type B",B,"4,19",463505,18120,10872,NON MDU,TUNAI
502,1,"Pipa Air 3"" 0 2 meter ( medium 2,5mm ) + Plat GW Clamp Type C",B,"4,19",445845,18120,10872,NON MDU,TUNAI
503,1,"Single Guy Wire Band 6""07"" 0 Lebar 35, tebal 3,5 mm 0 GSW",S,"1,4",76248,10431,6258,NON MDU,TUNAI
504,1,"Single Guy Wire Band 3""04"" 0 Lebar 35, tebal 3,5 mm 0 GSW",S,"1,4",56631,8692,5215,NON MDU,TUNAI
505,1,Cross Arm type 500 0 NP. 10,B,"2,39",153010,13328,7997,NON MDU,TUNAI
506,1,Cross Arm type 1.000 NP.10,B,"7,14",258991,19108,11465,NON MDU,TUNAI
507,1,Dudukan Recloser lengkap,B,"16,5",0,0,0,NON MDU,TUNAI
508,1,Dudukan LBS Motorized lengkap,B,"16,5",0,0,0,NON MDU,TUNAI
509,1,1 Unit External CT 20 kV Oout Door,S,70,4042338,70711,42427,MDU PUSAT,PLN
510,1,Klem C 0 150/35 mm 0 Cu,B,"0,2",149669,0,0,NON MDU,TUNAI
511,1,PMCB Out Door 24 kV lengkap,U,175,193315023,1635519,981311,MDU PUSAT,PLN
512,1,"Load Break Switch 24 kV0630 A Motorized 12,5 kA non RTU",S,210,248439,25337,15202,MDU UID,PLN
513,1,Wire Clip M8 (Ø 22mm),S,"0,1",6373,5215,3129,NON MDU,TUNAI
514,1,Wire Clip M10 (Ø 35mm),S,"0,12",6589,6954,4172,NON MDU,TUNAI
515,1,Wire Clip M12 (Ø 70mm),S,"0,16",5907,6954,4172,NON MDU,TUNAI
516,1,Wire Clip M16 (Ø 95mm),S,"0,26",8269,6954,4172,NON MDU,TUNAI
517,1,Connection Clamp For Netral + Bolt M12 x 25 0 (Acc.MVTIC),S,"0,26",31472,2897,1738,NON MDU,TUNAI
518,1,Extension for GW type B 0 (Acc.MVTIC),B,"0,7",26934,2965,1779,NON MDU,TUNAI
519,1,Extension for GW type A 0 (Acc.MVTIC),B,"0,6",30743,2965,1779,NON MDU,TUNAI
520,1,Separator Clamp for Netral 0 (Acc.MVTIC),B,"0,6",33777,2636,1581,NON MDU,TUNAI
521,1,"Cross Arm Type 750 NP. 10 (l=50mm, t=5mm, tgg=100mm)",B,"2,98",233361,14487,8692,NON MDU,TUNAI
522,1,Iron Wire 6 mm,M,"0,2",8249,5795,3477,NON MDU,TUNAI
523,1,"Cross Arm UNP 80 x 40 x 3,2 0 1.500",S,8,270923,17790,10674,NON MDU,TUNAI
524,1,Joint Sleeve Non Tenion 150 mm 0 Al,B,16,71725,14487,8692,NON MDU,TUNAI
525,1,Joint Sleeve Non Tenion 95 mm 0 Al,B,32,52150,13328,7997,NON MDU,TUNAI
526,1,"Begel Ornament 3"" 0 0,5"" + baut u/ Clamp MVTIC (l=30 mm, t=3 mm)",B,"2,11",28403,11010,6606,NON MDU,TUNAI
527,1,"Cross Arm UNP 80 x 45 x 3,2 0 2.000",S,8,369782,46123,27674,NON MDU,TUNAI
528,1,Angkutan Material,Ton/M3,0,0,168708,101225,NON MDU,TUNAI
529,1,Asuransi Material PLN,Ls,0,0,0,0,NON MDU,TUNAI
530,1,Commisioning test Jaringan JTM,Loks.,0,0,521525,312915,NON MDU,TUNAI
531,1,Commisioning test Jaringan Kabel JTM,Loks.,0,0,3319596,1991758,NON MDU,TUNAI
532,1,Commisioning test GD,Loks.,0,0,434605,260763,NON MDU,TUNAI
533,1,Commisioning test JTR,Loks.,0,0,318710,191226,NON MDU,TUNAI
534,1,Commisioning test LBS / Recloser,Loks.,0,0,1070579,642347,NON MDU,TUNAI
535,1,Safety Cost K3L,Pek.,0,0,314016,188410,NON MDU,TUNAI
536,1,Commisioning SR 1 Phasa,Loks.,0,0,0,0,NON MDU,TUNAI
537,1,Commisioning SR 3 Phasa,Loks.,0,0,0,0,NON MDU,TUNAI
538,1,Kabel NYFGBY 2 x 10 mm2,M,"0,6",8482,19767,11860,MDU UP3,PLN
539,1,Kabel NYFGBY 4 x 10 mm2,M,"1,2",131426,26356,15814,MDU UP3,PLN
540,1,Kabel NYFGBY 4 x 16 mm2,M,"1,92",186420,29651,17790,MDU UP3,PLN
541,1,Kabel NYFGBY 4 x 25 mm2,M,"4,8",332014,36917,22150,MDU UP3,PLN
542,1,Kabel NYFGBY 4 x 50 mm2,M,6,553537,40608,24365,MDU UP3,PLN
543,1,Kabel NYFGBY 4 x 70 mm2,M,"8,4",773599,42454,25472,MDU UP3,PLN
544,1,Kabel NYFGBY 4 x 120 mm2,M,"14,4",1263846,0,0,MDU UP3,PLN
545,1,Kabel NYFGBY 4 x 95 mm2,M,"11,4",1539624,42454,25472,MDU UP3,PLN
546,1,Kabel NYFGBY 4 x 150 mm2,M,18,1395616,0,0,MDU UP3,PLN
547,1,Panel MDP Ukuran (PxLxT) 80x30x107 Tebal 2 mm,Bh,35,7550010,221499,132899,NON MDU,TUNAI
548,1,Perlengkapan Panel MDP Lengkap (Pencabangan) (5 Plg + 1 Cad),Bh,35,7384747,184583,110750,NON MDU,TUNAI
549,1,Pondasi SDP Sesuai Spesifikasi,Lot,0,215635,270989,162594,NON MDU,TUNAI
550,1,DynaBolt 6x60 mm,-,0,0,0,0,NON MDU,TUNAI
551,1,Pengaman kabel TR uk.450x300x40 mm,B,"0,01",0,0,0,NON MDU,TUNAI
552,1,Kanal NP 10 2200,B,"8,93",408072,25211,15127,MDU UID,PLN
553,1,Patok Pelindung SDP,B,"2,79",126998,16888,10133,NON MDU,TUNAI
554,1,"Perencanaan, pendataan utilitas Jaringan, ijin penggalian & SPS (dibayar sesuai kwitansi resmi)",lokasi,0,0,0,0,NON MDU,TUNAI
555,1,Direksi KITT (2x4 mtr) = 8 m2,lokasi,0,0,0,0,NON MDU,TUNAI
556,1,"Trafic management :
 0 Lampu CR 0 Rambu peringatan (120x90) cm
 0 Lampu LS 0 Rambu ""Ada pengerjakaan Pengeboran""
 0 Trafic Cone",Lot,0,0,0,0,NON MDU,TUNAI
557,1,Pada tanah Keras/Koral Berm,Titik,0,0,0,0,NON MDU,TUNAI
558,1,Pada Tanah Biasa/Rumput/Taman,Titik,0,0,0,0,NON MDU,TUNAI
559,1,Pada Trotoar Inter Blok,Titik,0,0,0,0,NON MDU,TUNAI
560,1,Pada Trotoar Floor Beton,Titik,0,0,0,0,NON MDU,TUNAI
561,1,Pada Jala Lapis Penutup Hotmix Lebar Jalan > 7 m,Titik,0,0,0,0,NON MDU,TUNAI
562,1,Pada Jalan Lapis Paving Block,Titik,0,0,0,0,NON MDU,TUNAI
563,1,"Pada Jalan dengan Konstruksi Beton Segmen Uk. 3,5 x 5 m2",Titik,0,0,0,0,NON MDU,TUNAI
564,1,Pekerjaan Pengeboran HDD,,0,0,0,0,NON MDU,TUNAI
565,1,Pendataan & Penyuntikan Utilitas Terpasang,Titik,0,0,0,0,NON MDU,TUNAI
566,1,Pagar Pengaman (Spandek) Go Green Standar PEMDA,Bh,0,0,0,0,NON MDU,TUNAI
567,1,Mobilisasi Mesin Boring HDD & Perlengkapannya,Rit,0,0,0,0,NON MDU,TUNAI
568,1,Demobilisasi Mesin Boring HDD & perlengkapannya,Rit,0,0,0,0,NON MDU,TUNAI
569,1,"Pengeboran Pipa Diameter 8"" tanpa casing",Mtr,0,0,0,0,NON MDU,TUNAI
570,1,Pengadaan dan Pemasangan,,0,0,0,0,NON MDU,TUNAI
571,1,"Pipa HDPE PN 12,5/PE 100 SDR 13,6 diameter 7"" 180 mm, Ketebalan 13,3 mm warna merah",Mtr,0,0,0,0,NON MDU,TUNAI
572,1,Karet pelindung Kabel untuk menahan air & tanah (reducer),Bh,0,0,0,0,NON MDU,TUNAI
573,1,"Pengikat Reducer bagian depan (klem) untuk menahan air & tanah (Stainless Steel 8"")",Bh,0,0,0,0,NON MDU,TUNAI
574,1,"Pengikat Reducer bagian belakang (klem) untuk menahan air & tanah (Stainless Steel 8"")",Bh,0,0,0,0,NON MDU,TUNAI
575,1,Pengelasan Pipa HDPE,Batang,0,0,0,0,NON MDU,TUNAI
576,1,Tali Pancing,Mtr,0,0,0,0,NON MDU,TUNAI
577,1,Papan penahan Tanah,M3,0,0,0,0,NON MDU,TUNAI
578,1,Penandaan lokasi untuk Patok Boring/Kabel,Bh,0,0,0,0,NON MDU,TUNAI
579,1,Foto Dokumentasi 1set (12 lembar),Set,0,0,0,0,NON MDU,TUNAI
580,1,AS BULIT DRAWING 1:5000 (1 kalkir + 5 Blue Print),Set,0,0,0,0,NON MDU,TUNAI
581,1,AS BULIT DRAWING 1:200 (1 kalkir + 5 Blue Print+ 1 film),Mtr,0,0,0,0,NON MDU,TUNAI
582,1,Pengadaan/Pengangkutan Air untuk Boring,Ltr,0,0,0,0,NON MDU,TUNAI
583,1,Pembersihan Pekerjaan (umum),lokasi,0,0,0,0,NON MDU,TUNAI
584,1,Dop HDPE,Bh,0,0,0,0,NON MDU,TUNAI
585,1,Pengadaan Timah Lebel,Bh,0,0,0,0,NON MDU,TUNAI
586,1,Pengadaan Batu Pengaman,Bh,0,0,0,0,NON MDU,TUNAI
587,1,"Angkutan SKTM 20 kV 3x240 mm/300 mm, 1 Haspel",Rit,0,0,0,0,NON MDU,TUNAI
588,1,"Angkutan SKTM 20 kV 3x240 mm/300 mm, 3 Haspel",Rit,0,0,0,0,NON MDU,TUNAI
589,1,"Angkutan SKTM 20 kV 3x240 mm/300 mm, (50 0 200 meter)",Rit,0,0,0,0,NON MDU,TUNAI
590,1,Penarikan SKTM 20 kV 3x240 mm/300 mm dengan mesin Winch,Mtr,0,0,0,0,NON MDU,TUNAI
591,1,Pelindung (Dop Kabel) 3x240 mm/300 mm,Bh,0,0,0,0,NON MDU,TUNAI
592,1,Pasir Urug 20 cm,M3,0,664419,25842,15505,NON MDU,TUNAI
593,1,Transportasi Pembuangan tanah bekas galian,M3,0,0,0,0,NON MDU,TUNAI
594,1,Penjagaan pekerjaan,HKL,0,0,0,0,NON MDU,TUNAI
595,1,Terminal Lug 25 mm 0 Cu (507/U/2009),Bh,"0,4",40392,9272,5563,NON MDU,TUNAI
596,1,Terminal Lug 95 mm 0 Cu (507/U/2009),Bh,"0,4",93467,13907,8344,NON MDU,TUNAI
597,1,Terminal Lug 120 mm 0 Cu (507/U/2009),Bh,"0,23",115450,19164,11499,NON MDU,TUNAI
598,1,Terminal Lug 150 mm 0 Cu (507/U/2009),-,0,138836,13907,8344,NON MDU,TUNAI
599,1,Plat Beton Penanda Kabel @ tiap 5 Meter,Bh,"0,01",99028,29651,17790,NON MDU,TUNAI
600,1,U Ditch K350 (Uk. 600x800x1200 mm) + Tutup LD,Bh,928,1671321,259387,155632,NON MDU,TUNAI
601,1,Bata Merah (hanya untuk sekat antar kabel),Bh,3,1165,1000,600,NON MDU,TUNAI
602,1,Dyna Bolt & Baut M.10,Bh,"0,85",47257,3500,2100,NON MDU,TUNAI
603,1,"OA Kast type I C1 Sistim Press cat powder coating 41,5 KVA",Bh,18,3095031,434605,260763,MDU UID,PLN
604,1,OA Kast type I C1 Sistim Press cat powder coating 53 KVA,Bh,18,11196967,434605,260763,MDU UID,PLN
605,1,OA Kast type I C1 Sistim Press cat powder coating 66 KVA,Bh,18,11196967,434605,260763,MDU UID,PLN
606,1,"OA Kast type I C1 Sistim Press cat powder coating 82,5 KVA",Bh,18,11937787,434605,260763,MDU UID,PLN
607,1,OA Kast type I C1 Sistim Press cat powder coating 105 KVA,Bh,18,11937787,434605,260763,MDU UID,PLN
608,1,OA Kast type I C1 Sistim Press cat powder coating 131 KVA,Bh,18,11937787,434605,260763,MDU UID,PLN
609,1,OA Kast type I C1 Sistim Press cat powder coating 147 KVA,Bh,18,11937787,434605,260763,MDU UID,PLN
610,1,OA Kast type I C1 Sistim Press cat powder coating 164 KVA,Bh,18,11937787,434605,260763,MDU UID,PLN
611,1,OA Kast type I C1 Sistim Press cat powder coating 197 KVA,Bh,18,12890270,434605,260763,MDU UID,PLN
612,1,Cubicle Full Insulated Lengkap(Inc+Out+Met),S,2250,0,0,0,NON MDU,TUNAI
613,1,Cubicle 20 kV;630 A;16 kA (Incoming+Metering+Ougoing),S,1,104194433,1983421,1190053,NON MDU,TUNAI
614,1,Cubicle Incoming,S,2,0,1471967,883180,NON MDU,TUNAI
615,1,Dynabolt S16,Bh,12,0,0,0,NON MDU,TUNAI
616,1,"NYY 2 x 2,5 mm2 ( untuk Heater )",Mt,25,21811,5500,3300,NON MDU,TUNAI
617,1,NYY 4 x 4 mm u/ Wirring Panel,M,15,66782,20002,12001,NON MDU,TUNAI
618,1,NYY 4 x 6 mm u/ Wirring Panel,M,15,66782,20002,12001,NON MDU,TUNAI
619,1,"NYY 2 x 1,5 mm2 ( untuk Heater )",Mt,0,11069,0,0,NON MDU,TUNAI
620,1,Plat copper 50 x 40 mm,Kg,0,442678,37652,22591,NON MDU,TUNAI
621,1,Preformed Termination 150 mm,0,0,0,0,0,NON MDU,TUNAI
622,1,Stop Kontak AC 0 Out Bow,B,3,17213,1570,942,NON MDU,TUNAI
623,1,Cable suport (508/U/2009),B,25,1398,3750,2250,NON MDU,TUNAI
624,1,Paku Baja 2 mm,Bh,50,0,0,0,NON MDU,TUNAI
625,1,Isolasi PVC hitam,Bh,2,0,0,0,NON MDU,TUNAI
626,1,Bolt M.12 + Washer (517/U/2009,B,20,16723,2608,1565,NON MDU,TUNAI
627,1,Square Washer (517/U/2009),B,20,5541,1449,869,NON MDU,TUNAI
628,1,Coper tube Al/Cu 150 mm2 (SKAT 8) 1 Lubang,Bh,0,139115,0,0,NON MDU,TUNAI
629,1,"Earthing Rod 16 mm 0 2,5 m + clamp (509/U/2009)",S,0,291799,56007,33604,NON MDU,TUNAI
630,1,BC 50 MM,M,18,91011,4056,2434,NON MDU,TUNAI
631,1,Gembok Biasa,B,0,326049,5000,3000,MDU UP3,PLN
632,1,Gembok Electronic,B,1,3786825,20002,12001,MDU UP3,PLN
633,1,"Ground Pipe 3/4"" 0 2750 mm",B,4,169567,14767,8860,NON MDU,TUNAI
634,1,Copper Tube Cu 0 50 mm,B,6,42774,19153,11492,NON MDU,TUNAI
635,1,Relay Murni Indicator OCR 0 DGR,B,1,19578817,559971,335983,MDU UID,PLN
636,1,Power Supply Relay OCR,B,1,1870958,144868,86921,MDU UP3,PLN
637,1,"Pipa PVC 1,5"" 0 4 mtr",B,2,0,0,0,NON MDU,TUNAI
638,1,"Knee PVC 1,5""",B,6,0,0,0,NON MDU,TUNAI
639,1,"Pipa PVC 3/4"" 0 4 mtr",B,5,10447,3477,2086,NON MDU,TUNAI
640,1,"Knee PVC 3/4""",B,8,0,0,0,NON MDU,TUNAI
641,1,Fitting Lampu,B,4,0,0,0,NON MDU,TUNAI
642,1,Lampu LED 3 watt,B,4,0,0,0,NON MDU,TUNAI
643,1,Line Tap Connector Cu 0 50,B,3,58500,13328,7997,NON MDU,TUNAI
644,1,Plat copper 4 x 1 0 panjang 105,B,3,0,0,0,NON MDU,TUNAI
645,1,Heat Shrink 20 kV untuk Plat Cooper,M,3,131910,13001,7801,NON MDU,TUNAI
646,1,Pertinax 110 x 5,pak,2,0,0,0,NON MDU,TUNAI
647,1,Siku 4x4,B,1,0,0,0,NON MDU,TUNAI
648,1,MCB 2 Amper + Kotak MCB,B,1,0,0,0,MDU PUSAT,PLN
649,1,Asuransi Material,Lot,0,0,0,0,NON MDU,TUNAI
650,1,Pemasangan APP 3 Phasa > 200 kVA (SBU),-,0,0,0,0,NON MDU,TUNAI
651,1,Box APP (Powder Coating) Pengukran TM Lengkap kWh Mtr,S,1,0,0,0,NON MDU,TUNAI
652,1,Box APP (Powder Coating) Pengukran TM Lengkap kWh Mtr,-,1,0,0,0,NON MDU,TUNAI
653,1,Terminal Blok 15 Pol 100 A U/Pengukuran TM,0,1,1424482,6001,3600,NON MDU,TUNAI
654,1,"MTR 3P E 57,70400A;0,5;4W",S,1,0,0,0,NON MDU,TUNAI
655,1,Modem GSM GPRS,-,1,1172083,40004,24002,MDU UID,PLN
656,1,Modem GSM GPRS,U,1,1172083,40004,24002,MDU UID,PLN
657,1,Kartu Pulsa u/modem,Ls,0,0,0,0,NON MDU,TUNAI
658,1,"NYAF / NYA 2,5 mm² ( SPLN )",M,20,7457,5500,3300,NON MDU,TUNAI
659,1,Timah solder + pasta,Ls,2,3171,2000,1200,NON MDU,TUNAI
660,1,"Bolt & Nut 3/16 x 1""",B,10,9101,2318,1391,NON MDU,TUNAI
661,1,Timah Segel,B,4,78032,1750,1050,NON MDU,TUNAI
662,1,Mountage SLM 250 kva keatas,Ls,1,167163,185431,111259,0,PLN
663,1,Cable ties / Plastic strap 20 cm,Pak,20,2355,2318,1391,NON MDU,TUNAI
664,1,Dina bolt S 16,Bh,0,0,0,0,NON MDU,TUNAI
665,1,"Earthing Rod 16 mm 0 2,5 m + clamp (509/U/2009)",S,0,291799,56007,33604,NON MDU,TUNAI
666,1,BC 50 MM,M,0,91011,4056,2434,NON MDU,TUNAI
667,1,Klemp PVC 12 mm U/ kabel NYY,Bh,10,531,159,96,NON MDU,TUNAI
668,1,Paku baja 4 cm,Bh,20,0,0,0,NON MDU,TUNAI
669,1,Coper tube 50 mm,Bh,0,42774,19153,11492,NON MDU,TUNAI
670,1,Gembok Electronic,B,1,3786825,20002,12001,MDU UP3,PLN
671,1,Galian tanah & pengurugan kembali di bawah PV blok/tembok/plesteran,m3,0,0,296506,177903,NON MDU,TUNAI
672,1,"Ornament Cabel Band 3"" x 6"" 0 lengkap Bolt&Nut0HDG",bh,0,104800,7533,4520,NON MDU,TUNAI
673,1,"Ornament Cabel Band 3"" x 7"" 0 lengkap Bolt&Nut0HDG",bh,0,113654,7533,4520,NON MDU,TUNAI
674,1,Borring untuk Kabel tanah,m,0,0,897188,538313,NON MDU,TUNAI